Pond,SamplingArea
1127,4537.040842
1133,3943.442955
1134,1852.803544
1204,4915.667557
1206,5397.183299
1209,3656.428432
1220,1246.869279
1227,4711.909206
1236,2339.474005
1306,4311.304467
1310,2981.102236
1314,5627.619897
1347,6966.483499
1352,5522.154736
1428,2142.79402
1501,2998.29587
1610,3395.513437
1616,3267.121508
1622,2677.417306
1809,1874.931841
1914,6285.174718
