Modnames,K,AICc,Delta_AICc,ModelLik,AICcWt,LL,Cum.Wt
AbDist50,5,200.4429992035384,0,1,0.48627843276520266,-93.2214996017692,0.48627843276520266
AbDist20,5,201.5331846837998,1.0901854802613968,0.5797880112305298,0.28193840543723575,-93.7665923418999,0.7682168382024384
AbDist5000,5,203.76871345791753,3.325714254379136,0.18959650418205248,0.09219669091140968,-94.88435672895876,0.860413529113848
AbDist100,5,204.22469565176192,3.781696448223528,0.15094372041703072,0.07340067580014262,-95.11234782588096,0.9338142049139907
AbDist200,5,206.8790635559071,6.436064352368703,0.04003376018621992,0.019467554161052992,-96.43953177795355,0.9532817590750438
AbDist500,5,207.32551714167488,6.882517938136488,0.032024342281502416,0.01557274697498541,-96.66275857083744,0.9688545060500291
AbDist1000,5,207.32551714167488,6.882517938136488,0.032024342281502416,0.01557274697498541,-96.66275857083744,0.9844272530250145
AbDist2000,5,207.32551714167488,6.882517938136488,0.032024342281502416,0.01557274697498541,-96.66275857083744,0.9999999999999999
