Modnames,K,AICc,Delta_AICc,ModelLik,AICcWt,LL,Cum.Wt
ShDist1000,3,77.88935191284793,0,1,0.2516384629432452,-35.23879360348279,0.2516384629432452
ShDist2000,3,77.98171262259929,0.09236070975136101,0.954869731248166,0.24028195148231812,-35.28497395835847,0.49192041442556333
ShDist500,3,78.38984115196376,0.5004892391158364,0.7786102964674679,0.19592829823485808,-35.48903822304071,0.6878487126604214
ShDist5000,3,78.4126794692364,0.5233275563884661,0.7697697935931257,0.19370368767991328,-35.50045738167702,0.8815524003403347
ShDist20,3,81.2285978092802,3.339245896432274,0.18831805791369371,0.04738806663785892,-36.90841655169893,0.9289404669781937
ShDist200,3,81.83530329792819,3.9459513850802637,0.13904249230389845,0.03498843904715101,-37.21176929602292,0.9639289060253446
ShDist50,3,83.0740124731763,5.184660560328368,0.07484542590299847,0.018833987932563086,-37.831123883646974,0.9827628939579077
ShDist100,3,83.25120990958467,5.361857996736745,0.068499488673081,0.01723710604209234,-37.91972260185116,1
