Modnames,K,AICc,Delta_AICc,ModelLik,AICcWt,LL,Cum.Wt
ShDist1000,5,80.40662410105251,0,1,0.28893533104319247,-33.20331205052626,0.28893533104319247
ShDist500,5,80.89500979932556,0.48838569827304923,0.7833365539174425,0.22633360652436985,-33.44750489966278,0.5152689375675623
ShDist2000,5,81.14056596198111,0.7339418609285957,0.6928297849918311,0.2001830032831986,-33.570282980990555,0.7154519408507609
ShDist5000,5,82.40422212637324,1.9975980253207268,0.36832152513828803,0.10642110179616479,-34.20211106318662,0.8218730426469257
ShDist200,5,83.17978571123079,2.7731616101782777,0.24992839926297716,0.07221314477814349,-34.589892855615396,0.8940861874250692
ShDist100,5,83.59437816693058,3.1877540658780674,0.20313651608375483,0.05869331652162049,-34.79718908346529,0.9527795039466896
ShDist20,5,85.26147503437076,4.854850933318247,0.08826377835745942,0.025502524018835508,-35.63073751718538,0.9782820279655252
ShDist50,5,85.5827496469083,5.176125545855783,0.0751655117983068,0.021717972034474765,-35.79137482345415,1
