Modnames,K,AICc,Delta_AICc,ModelLik,AICcWt,LL,Cum.Wt
SRDist2000,5,91.35925173468252,0,1,0.30351025065302417,-38.67962586734126,0.30351025065302417
SRDist1000,5,91.44428778939864,0.0850360547161273,0.9583731884285909,0.2908760866390996,-38.72214389469932,0.5943863372921238
SRDist5000,5,93.10233222815262,1.743080493470103,0.4183067571886706,0.12696038872418713,-39.55116611407631,0.7213467260163109
SRDist500,5,93.10916016553571,1.7499084308531963,0.41688110596517225,0.12652768896399938,-39.554580082767856,0.8478744149803102
SRDist200,5,94.95879180924038,3.599540074557865,0.1653369051747849,0.05018144553179425,-40.47939590462019,0.8980558605121045
SRDist100,5,95.17532427505476,3.8160725403722466,0.14837146216882313,0.045032259672615205,-40.58766213752738,0.9430881201847198
SRDist20,5,96.05551198970436,4.696260255021841,0.09554765721772222,0.028999693391460107,-41.02775599485218,0.9720878135761798
SRDist50,5,96.1319557384553,4.7727040037727875,0.09196455923239817,0.02791218642382006,-41.06597786922765,0.9999999999999999
