Modnames,K,AICc,Delta_AICc,ModelLik,AICcWt,LL,Cum.Wt
SRDist2000,3,87.49595798517596,0,1,0.2887857244480358,-40.04209663964681,0.2887857244480358
SRDist1000,3,87.57297815377399,0.077020168598025407,0.9622220013565134,0.2778759777415796,-40.08060672394582,0.5666617021896154
SRDist5000,3,88.27143162923844,0.7754736440624725,0.6785909099429658,0.19596736753173122,-40.429833461678044,0.7626290697213467
SRDist500,3,88.79935936644281,1.303401381266852,0.521158692939645,0.15050319069296683,-40.69379733028023,0.9131322604143135
SRDist20,3,91.34879768708542,3.85283970190946,0.1456687819950816,0.042067064737912635,-41.96851649060154,0.9551993251522262
SRDist200,3,92.34755822069214,4.851600235516173,0.0884073544416216,0.02553078189895797,-42.467896757404894,0.9807301070511841
SRDist50,3,93.35581785563812,5.859859870462159,0.05340077952740377,0.015421382801911137,-42.97202657487789,0.9961514898530952
SRDist100,5,96.1319557384553,8.63599775327934,0.013326524897518784,0.0038485101469047486,-41.06597786922765,1
