ShDist20.term,ShDist20.estimate,ShDist20.std.error,ShDist20.statistic,ShDist20.p.value,ShDist50.term,ShDist50.estimate,ShDist50.std.error,ShDist50.statistic,ShDist50.p.value,ShDist100.term,ShDist100.estimate,ShDist100.std.error,ShDist100.statistic,ShDist100.p.value,ShDist200.term,ShDist200.estimate,ShDist200.std.error,ShDist200.statistic,ShDist200.p.value,ShDist500.term,ShDist500.estimate,ShDist500.std.error,ShDist500.statistic,ShDist500.p.value,ShDist1000.term,ShDist1000.estimate,ShDist1000.std.error,ShDist1000.statistic,ShDist1000.p.value,ShDist2000.term,ShDist2000.estimate,ShDist2000.std.error,ShDist2000.statistic,ShDist2000.p.value,ShDist5000.term,ShDist5000.estimate,ShDist5000.std.error,ShDist5000.statistic,ShDist5000.p.value
(Intercept),4.335725852602069,0.38958058140819923,11.12921449249323,9.14627739581861e-10,(Intercept),4.505878517088419,0.5008952117135891,8.995651009866055,2.8138371500685658e-8,(Intercept),4.925258073454131,0.7035134791562063,7.000943435172675,1.1450029527564559e-6,(Intercept),5.354381291823884,0.775638562189856,6.903191193468888,1.3918821054216538e-6,(Intercept),5.8196679627542185,0.7313030754326166,7.957942689235212,1.8122766891337574e-7,(Intercept),6.093063058531642,0.7890340015021424,7.722180599228711,2.82159720265825e-7,(Intercept),6.063625055404378,0.7848998351748334,7.725348870857807,2.8047223901945793e-7,(Intercept),5.753905579581166,0.7123968755292686,8.07682596208238,1.4537348599618632e-7
anthroper,-1.9829226903545156,0.8514530071834986,-2.328869207842461,0.031055532737906184,anthroper,-1.7461551585873125,0.9513381080148103,-1.8354727345371185,0.08213894560934551,anthroper,-2.0884213688923166,1.1709434288051899,-1.783537374664893,0.09048119214190838,anthroper,-2.5627128027474795,1.1785720298157778,-2.174421874875188,0.04251335064876266,anthroper,-3.4824947212226114,1.1635012497354678,-2.993116442302393,0.0074747566040912,anthroper,-4.113630317049901,1.325386522324984,-3.103721252449284,0.005846421428314081,anthroper,-4.350615533867152,1.410974401982161,-3.0834120929163085,0.006117043740327736,anthroper,-4.8214305499521775,1.6135787202817558,-2.988035532044127,0.007559263640835791
